,Count,Generation,Sex,Run
0,50000050.0,0,Female,mc_prob_0_FC_0_4_1
1,46149498.0,1,Female,mc_prob_0_FC_0_4_1
2,45199903.0,2,Female,mc_prob_0_FC_0_4_1
3,42958749.0,3,Female,mc_prob_0_FC_0_4_1
4,40024342.0,4,Female,mc_prob_0_FC_0_4_1
5,36095258.0,5,Female,mc_prob_0_FC_0_4_1
6,31045925.0,6,Female,mc_prob_0_FC_0_4_1
7,24884737.0,7,Female,mc_prob_0_FC_0_4_1
8,17982412.0,8,Female,mc_prob_0_FC_0_4_1
9,11129850.0,9,Female,mc_prob_0_FC_0_4_1
10,5443033.0,10,Female,mc_prob_0_FC_0_4_1
11,1849475.0,11,Female,mc_prob_0_FC_0_4_1
12,371451.0,12,Female,mc_prob_0_FC_0_4_1
13,45136.0,13,Female,mc_prob_0_FC_0_4_1
14,4695.0,14,Female,mc_prob_0_FC_0_4_1
15,924.0,15,Female,mc_prob_0_FC_0_4_1
16,1044.0,16,Female,mc_prob_0_FC_0_4_1
17,2097.0,17,Female,mc_prob_0_FC_0_4_1
18,6225.0,18,Female,mc_prob_0_FC_0_4_1
19,22892.0,19,Female,mc_prob_0_FC_0_4_1
20,99330.0,20,Female,mc_prob_0_FC_0_4_1
21,470282.0,21,Female,mc_prob_0_FC_0_4_1
22,2292856.0,22,Female,mc_prob_0_FC_0_4_1
23,9919539.0,23,Female,mc_prob_0_FC_0_4_1
24,27249927.0,24,Female,mc_prob_0_FC_0_4_1
25,40840288.0,25,Female,mc_prob_0_FC_0_4_1
26,45504030.0,26,Female,mc_prob_0_FC_0_4_1
27,46933874.0,27,Female,mc_prob_0_FC_0_4_1
28,47564447.0,28,Female,mc_prob_0_FC_0_4_1
29,47969422.0,29,Female,mc_prob_0_FC_0_4_1
30,48268408.0,30,Female,mc_prob_0_FC_0_4_1
31,60000050.0,0,Male,mc_prob_0_FC_0_4_1
32,46151564.0,1,Male,mc_prob_0_FC_0_4_1
33,45205692.0,2,Male,mc_prob_0_FC_0_4_1
34,42964323.0,3,Male,mc_prob_0_FC_0_4_1
35,40024537.0,4,Male,mc_prob_0_FC_0_4_1
36,36095789.0,5,Male,mc_prob_0_FC_0_4_1
37,31048917.0,6,Male,mc_prob_0_FC_0_4_1
38,24896179.0,7,Male,mc_prob_0_FC_0_4_1
39,17984801.0,8,Male,mc_prob_0_FC_0_4_1
40,11132672.0,9,Male,mc_prob_0_FC_0_4_1
41,5444021.0,10,Male,mc_prob_0_FC_0_4_1
42,1851770.0,11,Male,mc_prob_0_FC_0_4_1
43,371950.0,12,Male,mc_prob_0_FC_0_4_1
44,45191.0,13,Male,mc_prob_0_FC_0_4_1
45,4705.0,14,Male,mc_prob_0_FC_0_4_1
46,967.0,15,Male,mc_prob_0_FC_0_4_1
47,1046.0,16,Male,mc_prob_0_FC_0_4_1
48,2144.0,17,Male,mc_prob_0_FC_0_4_1
49,6319.0,18,Male,mc_prob_0_FC_0_4_1
50,23372.0,19,Male,mc_prob_0_FC_0_4_1
51,99369.0,20,Male,mc_prob_0_FC_0_4_1
52,470610.0,21,Male,mc_prob_0_FC_0_4_1
53,2293575.0,22,Male,mc_prob_0_FC_0_4_1
54,9922465.0,23,Male,mc_prob_0_FC_0_4_1
55,27257584.0,24,Male,mc_prob_0_FC_0_4_1
56,40852410.0,25,Male,mc_prob_0_FC_0_4_1
57,45505771.0,26,Male,mc_prob_0_FC_0_4_1
58,46937734.0,27,Male,mc_prob_0_FC_0_4_1
59,47576190.0,28,Male,mc_prob_0_FC_0_4_1
60,47981751.0,29,Male,mc_prob_0_FC_0_4_1
61,48280026.0,30,Male,mc_prob_0_FC_0_4_1
,Count,Generation,Sex,Run
0,50000050.0,0,Female,mc_prob_0_FC_0_5_1
1,46149198.0,1,Female,mc_prob_0_FC_0_5_1
2,45204727.0,2,Female,mc_prob_0_FC_0_5_1
3,42951555.0,3,Female,mc_prob_0_FC_0_5_1
4,40016035.0,4,Female,mc_prob_0_FC_0_5_1
5,36107723.0,5,Female,mc_prob_0_FC_0_5_1
6,31066889.0,6,Female,mc_prob_0_FC_0_5_1
7,24910416.0,7,Female,mc_prob_0_FC_0_5_1
8,18019836.0,8,Female,mc_prob_0_FC_0_5_1
9,11163973.0,9,Female,mc_prob_0_FC_0_5_1
10,5456933.0,10,Female,mc_prob_0_FC_0_5_1
11,1854418.0,11,Female,mc_prob_0_FC_0_5_1
12,379242.0,12,Female,mc_prob_0_FC_0_5_1
13,45981.0,13,Female,mc_prob_0_FC_0_5_1
14,4215.0,14,Female,mc_prob_0_FC_0_5_1
15,534.0,15,Female,mc_prob_0_FC_0_5_1
16,281.0,16,Female,mc_prob_0_FC_0_5_1
17,505.0,17,Female,mc_prob_0_FC_0_5_1
18,1092.0,18,Female,mc_prob_0_FC_0_5_1
19,3630.0,19,Female,mc_prob_0_FC_0_5_1
20,14244.0,20,Female,mc_prob_0_FC_0_5_1
21,62572.0,21,Female,mc_prob_0_FC_0_5_1
22,301902.0,22,Female,mc_prob_0_FC_0_5_1
23,1494553.0,23,Female,mc_prob_0_FC_0_5_1
24,6902189.0,24,Female,mc_prob_0_FC_0_5_1
25,22295381.0,25,Female,mc_prob_0_FC_0_5_1
26,38473710.0,26,Female,mc_prob_0_FC_0_5_1
27,44898280.0,27,Female,mc_prob_0_FC_0_5_1
28,46758191.0,28,Female,mc_prob_0_FC_0_5_1
29,47478558.0,29,Female,mc_prob_0_FC_0_5_1
30,47920745.0,30,Female,mc_prob_0_FC_0_5_1
31,60000050.0,0,Male,mc_prob_0_FC_0_5_1
32,46153704.0,1,Male,mc_prob_0_FC_0_5_1
33,45212632.0,2,Male,mc_prob_0_FC_0_5_1
34,42956466.0,3,Male,mc_prob_0_FC_0_5_1
35,40024818.0,4,Male,mc_prob_0_FC_0_5_1
36,36110662.0,5,Male,mc_prob_0_FC_0_5_1
37,31069857.0,6,Male,mc_prob_0_FC_0_5_1
38,24916500.0,7,Male,mc_prob_0_FC_0_5_1
39,18022058.0,8,Male,mc_prob_0_FC_0_5_1
40,11164404.0,9,Male,mc_prob_0_FC_0_5_1
41,5457107.0,10,Male,mc_prob_0_FC_0_5_1
42,1854482.0,11,Male,mc_prob_0_FC_0_5_1
43,379658.0,12,Male,mc_prob_0_FC_0_5_1
44,46201.0,13,Male,mc_prob_0_FC_0_5_1
45,4392.0,14,Male,mc_prob_0_FC_0_5_1
46,542.0,15,Male,mc_prob_0_FC_0_5_1
47,285.0,16,Male,mc_prob_0_FC_0_5_1
48,532.0,17,Male,mc_prob_0_FC_0_5_1
49,1138.0,18,Male,mc_prob_0_FC_0_5_1
50,3657.0,19,Male,mc_prob_0_FC_0_5_1
51,14273.0,20,Male,mc_prob_0_FC_0_5_1
52,62927.0,21,Male,mc_prob_0_FC_0_5_1
53,302158.0,22,Male,mc_prob_0_FC_0_5_1
54,1496760.0,23,Male,mc_prob_0_FC_0_5_1
55,6904900.0,24,Male,mc_prob_0_FC_0_5_1
56,22296866.0,25,Male,mc_prob_0_FC_0_5_1
57,38476356.0,26,Male,mc_prob_0_FC_0_5_1
58,44898681.0,27,Male,mc_prob_0_FC_0_5_1
59,46777536.0,28,Male,mc_prob_0_FC_0_5_1
60,47494121.0,29,Male,mc_prob_0_FC_0_5_1
61,47924027.0,30,Male,mc_prob_0_FC_0_5_1
,Count,Generation,Sex,Run
0,50000050.0,0,Female,mc_prob_0_FC_0_7_1
1,46159961.0,1,Female,mc_prob_0_FC_0_7_1
2,45206548.0,2,Female,mc_prob_0_FC_0_7_1
3,42969944.0,3,Female,mc_prob_0_FC_0_7_1
4,40034423.0,4,Female,mc_prob_0_FC_0_7_1
5,36098959.0,5,Female,mc_prob_0_FC_0_7_1
6,31063650.0,6,Female,mc_prob_0_FC_0_7_1
7,24909372.0,7,Female,mc_prob_0_FC_0_7_1
8,18010865.0,8,Female,mc_prob_0_FC_0_7_1
9,11149631.0,9,Female,mc_prob_0_FC_0_7_1
10,5440946.0,10,Female,mc_prob_0_FC_0_7_1
11,1839460.0,11,Female,mc_prob_0_FC_0_7_1
12,374450.0,12,Female,mc_prob_0_FC_0_7_1
13,44916.0,13,Female,mc_prob_0_FC_0_7_1
14,4341.0,14,Female,mc_prob_0_FC_0_7_1
15,1045.0,15,Female,mc_prob_0_FC_0_7_1
16,1157.0,16,Female,mc_prob_0_FC_0_7_1
17,2169.0,17,Female,mc_prob_0_FC_0_7_1
18,6098.0,18,Female,mc_prob_0_FC_0_7_1
19,22458.0,19,Female,mc_prob_0_FC_0_7_1
20,94887.0,20,Female,mc_prob_0_FC_0_7_1
21,440463.0,21,Female,mc_prob_0_FC_0_7_1
22,2109258.0,22,Female,mc_prob_0_FC_0_7_1
23,9113991.0,23,Female,mc_prob_0_FC_0_7_1
24,25766590.0,24,Female,mc_prob_0_FC_0_7_1
25,39838763.0,25,Female,mc_prob_0_FC_0_7_1
26,44941238.0,26,Female,mc_prob_0_FC_0_7_1
27,46559250.0,27,Female,mc_prob_0_FC_0_7_1
28,47292454.0,28,Female,mc_prob_0_FC_0_7_1
29,47772628.0,29,Female,mc_prob_0_FC_0_7_1
30,48119295.0,30,Female,mc_prob_0_FC_0_7_1
31,60000050.0,0,Male,mc_prob_0_FC_0_7_1
32,46160641.0,1,Male,mc_prob_0_FC_0_7_1
33,45211775.0,2,Male,mc_prob_0_FC_0_7_1
34,42973481.0,3,Male,mc_prob_0_FC_0_7_1
35,40040441.0,4,Male,mc_prob_0_FC_0_7_1
36,36105917.0,5,Male,mc_prob_0_FC_0_7_1
37,31065618.0,6,Male,mc_prob_0_FC_0_7_1
38,24912852.0,7,Male,mc_prob_0_FC_0_7_1
39,18011977.0,8,Male,mc_prob_0_FC_0_7_1
40,11151616.0,9,Male,mc_prob_0_FC_0_7_1
41,5446040.0,10,Male,mc_prob_0_FC_0_7_1
42,1839750.0,11,Male,mc_prob_0_FC_0_7_1
43,375477.0,12,Male,mc_prob_0_FC_0_7_1
44,45355.0,13,Male,mc_prob_0_FC_0_7_1
45,4377.0,14,Male,mc_prob_0_FC_0_7_1
46,1064.0,15,Male,mc_prob_0_FC_0_7_1
47,1162.0,16,Male,mc_prob_0_FC_0_7_1
48,2169.0,17,Male,mc_prob_0_FC_0_7_1
49,6150.0,18,Male,mc_prob_0_FC_0_7_1
50,22660.0,19,Male,mc_prob_0_FC_0_7_1
51,95360.0,20,Male,mc_prob_0_FC_0_7_1
52,441538.0,21,Male,mc_prob_0_FC_0_7_1
53,2110117.0,22,Male,mc_prob_0_FC_0_7_1
54,9116682.0,23,Male,mc_prob_0_FC_0_7_1
55,25771032.0,24,Male,mc_prob_0_FC_0_7_1
56,39841428.0,25,Male,mc_prob_0_FC_0_7_1
57,44943330.0,26,Male,mc_prob_0_FC_0_7_1
58,46566469.0,27,Male,mc_prob_0_FC_0_7_1
59,47296190.0,28,Male,mc_prob_0_FC_0_7_1
60,47779024.0,29,Male,mc_prob_0_FC_0_7_1
61,48125843.0,30,Male,mc_prob_0_FC_0_7_1
,Count,Generation,Sex,Run
0,50000050.0,0,Female,mc_prob_0_FC_0_3_1
1,46151296.0,1,Female,mc_prob_0_FC_0_3_1
2,45183039.0,2,Female,mc_prob_0_FC_0_3_1
3,42939640.0,3,Female,mc_prob_0_FC_0_3_1
4,40012588.0,4,Female,mc_prob_0_FC_0_3_1
5,36087292.0,5,Female,mc_prob_0_FC_0_3_1
6,31039201.0,6,Female,mc_prob_0_FC_0_3_1
7,24882795.0,7,Female,mc_prob_0_FC_0_3_1
8,17977823.0,8,Female,mc_prob_0_FC_0_3_1
9,11121966.0,9,Female,mc_prob_0_FC_0_3_1
10,5439374.0,10,Female,mc_prob_0_FC_0_3_1
11,1849386.0,11,Female,mc_prob_0_FC_0_3_1
12,378457.0,12,Female,mc_prob_0_FC_0_3_1
13,46960.0,13,Female,mc_prob_0_FC_0_3_1
14,4811.0,14,Female,mc_prob_0_FC_0_3_1
15,1261.0,15,Female,mc_prob_0_FC_0_3_1
16,1398.0,16,Female,mc_prob_0_FC_0_3_1
17,2629.0,17,Female,mc_prob_0_FC_0_3_1
18,7631.0,18,Female,mc_prob_0_FC_0_3_1
19,27921.0,19,Female,mc_prob_0_FC_0_3_1
20,118952.0,20,Female,mc_prob_0_FC_0_3_1
21,555930.0,21,Female,mc_prob_0_FC_0_3_1
22,2649090.0,22,Female,mc_prob_0_FC_0_3_1
23,11000651.0,23,Female,mc_prob_0_FC_0_3_1
24,28399943.0,24,Female,mc_prob_0_FC_0_3_1
25,41000902.0,25,Female,mc_prob_0_FC_0_3_1
26,45288717.0,26,Female,mc_prob_0_FC_0_3_1
27,46694397.0,27,Female,mc_prob_0_FC_0_3_1
28,47362651.0,28,Female,mc_prob_0_FC_0_3_1
29,47827645.0,29,Female,mc_prob_0_FC_0_3_1
30,48160103.0,30,Female,mc_prob_0_FC_0_3_1
31,60000050.0,0,Male,mc_prob_0_FC_0_3_1
32,46166993.0,1,Male,mc_prob_0_FC_0_3_1
33,45200148.0,2,Male,mc_prob_0_FC_0_3_1
34,42947483.0,3,Male,mc_prob_0_FC_0_3_1
35,40013649.0,4,Male,mc_prob_0_FC_0_3_1
36,36099377.0,5,Male,mc_prob_0_FC_0_3_1
37,31045754.0,6,Male,mc_prob_0_FC_0_3_1
38,24886195.0,7,Male,mc_prob_0_FC_0_3_1
39,17980175.0,8,Male,mc_prob_0_FC_0_3_1
40,11132119.0,9,Male,mc_prob_0_FC_0_3_1
41,5440636.0,10,Male,mc_prob_0_FC_0_3_1
42,1851385.0,11,Male,mc_prob_0_FC_0_3_1
43,378598.0,12,Male,mc_prob_0_FC_0_3_1
44,47032.0,13,Male,mc_prob_0_FC_0_3_1
45,4883.0,14,Male,mc_prob_0_FC_0_3_1
46,1266.0,15,Male,mc_prob_0_FC_0_3_1
47,1423.0,16,Male,mc_prob_0_FC_0_3_1
48,2654.0,17,Male,mc_prob_0_FC_0_3_1
49,7718.0,18,Male,mc_prob_0_FC_0_3_1
50,28380.0,19,Male,mc_prob_0_FC_0_3_1
51,119141.0,20,Male,mc_prob_0_FC_0_3_1
52,556021.0,21,Male,mc_prob_0_FC_0_3_1
53,2649470.0,22,Male,mc_prob_0_FC_0_3_1
54,11006864.0,23,Male,mc_prob_0_FC_0_3_1
55,28404855.0,24,Male,mc_prob_0_FC_0_3_1
56,41002400.0,25,Male,mc_prob_0_FC_0_3_1
57,45294844.0,26,Male,mc_prob_0_FC_0_3_1
58,46705664.0,27,Male,mc_prob_0_FC_0_3_1
59,47376298.0,28,Male,mc_prob_0_FC_0_3_1
60,47827779.0,29,Male,mc_prob_0_FC_0_3_1
61,48170815.0,30,Male,mc_prob_0_FC_0_3_1
,Count,Generation,Sex,Run
0,50000050.0,0,Female,mc_prob_0_FC_0_2_1
1,46142245.0,1,Female,mc_prob_0_FC_0_2_1
2,45202737.0,2,Female,mc_prob_0_FC_0_2_1
3,42963744.0,3,Female,mc_prob_0_FC_0_2_1
4,40016223.0,4,Female,mc_prob_0_FC_0_2_1
5,36114772.0,5,Female,mc_prob_0_FC_0_2_1
6,31063636.0,6,Female,mc_prob_0_FC_0_2_1
7,24926464.0,7,Female,mc_prob_0_FC_0_2_1
8,18019629.0,8,Female,mc_prob_0_FC_0_2_1
9,11177184.0,9,Female,mc_prob_0_FC_0_2_1
10,5490893.0,10,Female,mc_prob_0_FC_0_2_1
11,1864067.0,11,Female,mc_prob_0_FC_0_2_1
12,379381.0,12,Female,mc_prob_0_FC_0_2_1
13,44865.0,13,Female,mc_prob_0_FC_0_2_1
14,4832.0,14,Female,mc_prob_0_FC_0_2_1
15,1776.0,15,Female,mc_prob_0_FC_0_2_1
16,2260.0,16,Female,mc_prob_0_FC_0_2_1
17,4825.0,17,Female,mc_prob_0_FC_0_2_1
18,14141.0,18,Female,mc_prob_0_FC_0_2_1
19,52270.0,19,Female,mc_prob_0_FC_0_2_1
20,225579.0,20,Female,mc_prob_0_FC_0_2_1
21,1056741.0,21,Female,mc_prob_0_FC_0_2_1
22,4887791.0,22,Female,mc_prob_0_FC_0_2_1
23,17519109.0,23,Female,mc_prob_0_FC_0_2_1
24,34947013.0,24,Female,mc_prob_0_FC_0_2_1
25,43506425.0,25,Female,mc_prob_0_FC_0_2_1
26,46146638.0,26,Female,mc_prob_0_FC_0_2_1
27,47125915.0,27,Female,mc_prob_0_FC_0_2_1
28,47665195.0,28,Female,mc_prob_0_FC_0_2_1
29,48036124.0,29,Female,mc_prob_0_FC_0_2_1
30,48336800.0,30,Female,mc_prob_0_FC_0_2_1
31,60000050.0,0,Male,mc_prob_0_FC_0_2_1
32,46153515.0,1,Male,mc_prob_0_FC_0_2_1
33,45205784.0,2,Male,mc_prob_0_FC_0_2_1
34,42969594.0,3,Male,mc_prob_0_FC_0_2_1
35,40027836.0,4,Male,mc_prob_0_FC_0_2_1
36,36123626.0,5,Male,mc_prob_0_FC_0_2_1
37,31063977.0,6,Male,mc_prob_0_FC_0_2_1
38,24929543.0,7,Male,mc_prob_0_FC_0_2_1
39,18031905.0,8,Male,mc_prob_0_FC_0_2_1
40,11182182.0,9,Male,mc_prob_0_FC_0_2_1
41,5493311.0,10,Male,mc_prob_0_FC_0_2_1
42,1864889.0,11,Male,mc_prob_0_FC_0_2_1
43,379821.0,12,Male,mc_prob_0_FC_0_2_1
44,45484.0,13,Male,mc_prob_0_FC_0_2_1
45,4889.0,14,Male,mc_prob_0_FC_0_2_1
46,1812.0,15,Male,mc_prob_0_FC_0_2_1
47,2310.0,16,Male,mc_prob_0_FC_0_2_1
48,4900.0,17,Male,mc_prob_0_FC_0_2_1
49,14252.0,18,Male,mc_prob_0_FC_0_2_1
50,52628.0,19,Male,mc_prob_0_FC_0_2_1
51,225751.0,20,Male,mc_prob_0_FC_0_2_1
52,1060373.0,21,Male,mc_prob_0_FC_0_2_1
53,4890889.0,22,Male,mc_prob_0_FC_0_2_1
54,17519922.0,23,Male,mc_prob_0_FC_0_2_1
55,34947215.0,24,Male,mc_prob_0_FC_0_2_1
56,43514435.0,25,Male,mc_prob_0_FC_0_2_1
57,46155529.0,26,Male,mc_prob_0_FC_0_2_1
58,47130549.0,27,Male,mc_prob_0_FC_0_2_1
59,47667115.0,28,Male,mc_prob_0_FC_0_2_1
60,48039520.0,29,Male,mc_prob_0_FC_0_2_1
61,48351645.0,30,Male,mc_prob_0_FC_0_2_1
,Count,Generation,Sex,Run
0,50000050.0,0,Female,mc_prob_0_FC_0_10_1
1,46159493.0,1,Female,mc_prob_0_FC_0_10_1
2,45208067.0,2,Female,mc_prob_0_FC_0_10_1
3,42955519.0,3,Female,mc_prob_0_FC_0_10_1
4,40012304.0,4,Female,mc_prob_0_FC_0_10_1
5,36100346.0,5,Female,mc_prob_0_FC_0_10_1
6,31036321.0,6,Female,mc_prob_0_FC_0_10_1
7,24893897.0,7,Female,mc_prob_0_FC_0_10_1
8,18000307.0,8,Female,mc_prob_0_FC_0_10_1
9,11146315.0,9,Female,mc_prob_0_FC_0_10_1
10,5459501.0,10,Female,mc_prob_0_FC_0_10_1
11,1848991.0,11,Female,mc_prob_0_FC_0_10_1
12,375131.0,12,Female,mc_prob_0_FC_0_10_1
13,45739.0,13,Female,mc_prob_0_FC_0_10_1
14,4936.0,14,Female,mc_prob_0_FC_0_10_1
15,1400.0,15,Female,mc_prob_0_FC_0_10_1
16,1746.0,16,Female,mc_prob_0_FC_0_10_1
17,3722.0,17,Female,mc_prob_0_FC_0_10_1
18,11132.0,18,Female,mc_prob_0_FC_0_10_1
19,41533.0,19,Female,mc_prob_0_FC_0_10_1
20,176997.0,20,Female,mc_prob_0_FC_0_10_1
21,820040.0,21,Female,mc_prob_0_FC_0_10_1
22,3817760.0,22,Female,mc_prob_0_FC_0_10_1
23,14511537.0,23,Female,mc_prob_0_FC_0_10_1
24,32097672.0,24,Female,mc_prob_0_FC_0_10_1
25,42252571.0,25,Female,mc_prob_0_FC_0_10_1
26,45548535.0,26,Female,mc_prob_0_FC_0_10_1
27,46746792.0,27,Female,mc_prob_0_FC_0_10_1
28,47376648.0,28,Female,mc_prob_0_FC_0_10_1
29,47828109.0,29,Female,mc_prob_0_FC_0_10_1
30,48154746.0,30,Female,mc_prob_0_FC_0_10_1
31,60000050.0,0,Male,mc_prob_0_FC_0_10_1
32,46163401.0,1,Male,mc_prob_0_FC_0_10_1
33,45215131.0,2,Male,mc_prob_0_FC_0_10_1
34,42958002.0,3,Male,mc_prob_0_FC_0_10_1
35,40019814.0,4,Male,mc_prob_0_FC_0_10_1
36,36107334.0,5,Male,mc_prob_0_FC_0_10_1
37,31040159.0,6,Male,mc_prob_0_FC_0_10_1
38,24894482.0,7,Male,mc_prob_0_FC_0_10_1
39,18004708.0,8,Male,mc_prob_0_FC_0_10_1
40,11152454.0,9,Male,mc_prob_0_FC_0_10_1
41,5461919.0,10,Male,mc_prob_0_FC_0_10_1
42,1849932.0,11,Male,mc_prob_0_FC_0_10_1
43,375449.0,12,Male,mc_prob_0_FC_0_10_1
44,46026.0,13,Male,mc_prob_0_FC_0_10_1
45,4937.0,14,Male,mc_prob_0_FC_0_10_1
46,1439.0,15,Male,mc_prob_0_FC_0_10_1
47,1826.0,16,Male,mc_prob_0_FC_0_10_1
48,3901.0,17,Male,mc_prob_0_FC_0_10_1
49,11225.0,18,Male,mc_prob_0_FC_0_10_1
50,41864.0,19,Male,mc_prob_0_FC_0_10_1
51,177897.0,20,Male,mc_prob_0_FC_0_10_1
52,820435.0,21,Male,mc_prob_0_FC_0_10_1
53,3818075.0,22,Male,mc_prob_0_FC_0_10_1
54,14517385.0,23,Male,mc_prob_0_FC_0_10_1
55,32108145.0,24,Male,mc_prob_0_FC_0_10_1
56,42271889.0,25,Male,mc_prob_0_FC_0_10_1
57,45556198.0,26,Male,mc_prob_0_FC_0_10_1
58,46752445.0,27,Male,mc_prob_0_FC_0_10_1
59,47384650.0,28,Male,mc_prob_0_FC_0_10_1
60,47828632.0,29,Male,mc_prob_0_FC_0_10_1
61,48168081.0,30,Male,mc_prob_0_FC_0_10_1
,Count,Generation,Sex,Run
0,50000050.0,0,Female,mc_prob_0_FC_0_8_1
1,46141927.0,1,Female,mc_prob_0_FC_0_8_1
2,45195489.0,2,Female,mc_prob_0_FC_0_8_1
3,42961396.0,3,Female,mc_prob_0_FC_0_8_1
4,40017725.0,4,Female,mc_prob_0_FC_0_8_1
5,36090822.0,5,Female,mc_prob_0_FC_0_8_1
6,31037637.0,6,Female,mc_prob_0_FC_0_8_1
7,24883406.0,7,Female,mc_prob_0_FC_0_8_1
8,17984565.0,8,Female,mc_prob_0_FC_0_8_1
9,11131321.0,9,Female,mc_prob_0_FC_0_8_1
10,5436683.0,10,Female,mc_prob_0_FC_0_8_1
11,1838498.0,11,Female,mc_prob_0_FC_0_8_1
12,368892.0,12,Female,mc_prob_0_FC_0_8_1
13,42782.0,13,Female,mc_prob_0_FC_0_8_1
14,4221.0,14,Female,mc_prob_0_FC_0_8_1
15,697.0,15,Female,mc_prob_0_FC_0_8_1
16,711.0,16,Female,mc_prob_0_FC_0_8_1
17,1322.0,17,Female,mc_prob_0_FC_0_8_1
18,3265.0,18,Female,mc_prob_0_FC_0_8_1
19,10345.0,19,Female,mc_prob_0_FC_0_8_1
20,39241.0,20,Female,mc_prob_0_FC_0_8_1
21,169226.0,21,Female,mc_prob_0_FC_0_8_1
22,786840.0,22,Female,mc_prob_0_FC_0_8_1
23,3665035.0,23,Female,mc_prob_0_FC_0_8_1
24,14072219.0,24,Female,mc_prob_0_FC_0_8_1
25,31613914.0,25,Female,mc_prob_0_FC_0_8_1
26,42005138.0,26,Female,mc_prob_0_FC_0_8_1
27,45405646.0,27,Female,mc_prob_0_FC_0_8_1
28,46631856.0,28,Female,mc_prob_0_FC_0_8_1
29,47293314.0,29,Female,mc_prob_0_FC_0_8_1
30,47748455.0,30,Female,mc_prob_0_FC_0_8_1
31,60000050.0,0,Male,mc_prob_0_FC_0_8_1
32,46150076.0,1,Male,mc_prob_0_FC_0_8_1
33,45198626.0,2,Male,mc_prob_0_FC_0_8_1
34,42963158.0,3,Male,mc_prob_0_FC_0_8_1
35,40024338.0,4,Male,mc_prob_0_FC_0_8_1
36,36092792.0,5,Male,mc_prob_0_FC_0_8_1
37,31048894.0,6,Male,mc_prob_0_FC_0_8_1
38,24886144.0,7,Male,mc_prob_0_FC_0_8_1
39,17986299.0,8,Male,mc_prob_0_FC_0_8_1
40,11131332.0,9,Male,mc_prob_0_FC_0_8_1
41,5439446.0,10,Male,mc_prob_0_FC_0_8_1
42,1840817.0,11,Male,mc_prob_0_FC_0_8_1
43,369076.0,12,Male,mc_prob_0_FC_0_8_1
44,43481.0,13,Male,mc_prob_0_FC_0_8_1
45,4357.0,14,Male,mc_prob_0_FC_0_8_1
46,713.0,15,Male,mc_prob_0_FC_0_8_1
47,714.0,16,Male,mc_prob_0_FC_0_8_1
48,1383.0,17,Male,mc_prob_0_FC_0_8_1
49,3376.0,18,Male,mc_prob_0_FC_0_8_1
50,10494.0,19,Male,mc_prob_0_FC_0_8_1
51,39571.0,20,Male,mc_prob_0_FC_0_8_1
52,169723.0,21,Male,mc_prob_0_FC_0_8_1
53,788088.0,22,Male,mc_prob_0_FC_0_8_1
54,3665384.0,23,Male,mc_prob_0_FC_0_8_1
55,14073632.0,24,Male,mc_prob_0_FC_0_8_1
56,31621513.0,25,Male,mc_prob_0_FC_0_8_1
57,42012551.0,26,Male,mc_prob_0_FC_0_8_1
58,45411891.0,27,Male,mc_prob_0_FC_0_8_1
59,46638190.0,28,Male,mc_prob_0_FC_0_8_1
60,47294396.0,29,Male,mc_prob_0_FC_0_8_1
61,47768057.0,30,Male,mc_prob_0_FC_0_8_1
,Count,Generation,Sex,Run
0,50000050.0,0,Female,mc_prob_0_FC_0_6_1
1,46149923.0,1,Female,mc_prob_0_FC_0_6_1
2,45192209.0,2,Female,mc_prob_0_FC_0_6_1
3,42950406.0,3,Female,mc_prob_0_FC_0_6_1
4,40010385.0,4,Female,mc_prob_0_FC_0_6_1
5,36089501.0,5,Female,mc_prob_0_FC_0_6_1
6,31049971.0,6,Female,mc_prob_0_FC_0_6_1
7,24899607.0,7,Female,mc_prob_0_FC_0_6_1
8,17994713.0,8,Female,mc_prob_0_FC_0_6_1
9,11130847.0,9,Female,mc_prob_0_FC_0_6_1
10,5435038.0,10,Female,mc_prob_0_FC_0_6_1
11,1842985.0,11,Female,mc_prob_0_FC_0_6_1
12,376509.0,12,Female,mc_prob_0_FC_0_6_1
13,45831.0,13,Female,mc_prob_0_FC_0_6_1
14,4539.0,14,Female,mc_prob_0_FC_0_6_1
15,902.0,15,Female,mc_prob_0_FC_0_6_1
16,934.0,16,Female,mc_prob_0_FC_0_6_1
17,1816.0,17,Female,mc_prob_0_FC_0_6_1
18,4405.0,18,Female,mc_prob_0_FC_0_6_1
19,14181.0,19,Female,mc_prob_0_FC_0_6_1
20,54473.0,20,Female,mc_prob_0_FC_0_6_1
21,234774.0,21,Female,mc_prob_0_FC_0_6_1
22,1092966.0,22,Female,mc_prob_0_FC_0_6_1
23,4984524.0,23,Female,mc_prob_0_FC_0_6_1
24,17557065.0,24,Female,mc_prob_0_FC_0_6_1
25,34657367.0,25,Female,mc_prob_0_FC_0_6_1
26,43113295.0,26,Female,mc_prob_0_FC_0_6_1
27,45797035.0,27,Female,mc_prob_0_FC_0_6_1
28,46853743.0,28,Female,mc_prob_0_FC_0_6_1
29,47465132.0,29,Female,mc_prob_0_FC_0_6_1
30,47866475.0,30,Female,mc_prob_0_FC_0_6_1
31,60000050.0,0,Male,mc_prob_0_FC_0_6_1
32,46155960.0,1,Male,mc_prob_0_FC_0_6_1
33,45207532.0,2,Male,mc_prob_0_FC_0_6_1
34,42967502.0,3,Male,mc_prob_0_FC_0_6_1
35,40024783.0,4,Male,mc_prob_0_FC_0_6_1
36,36093286.0,5,Male,mc_prob_0_FC_0_6_1
37,31051651.0,6,Male,mc_prob_0_FC_0_6_1
38,24904914.0,7,Male,mc_prob_0_FC_0_6_1
39,17996506.0,8,Male,mc_prob_0_FC_0_6_1
40,11144121.0,9,Male,mc_prob_0_FC_0_6_1
41,5436963.0,10,Male,mc_prob_0_FC_0_6_1
42,1843153.0,11,Male,mc_prob_0_FC_0_6_1
43,377146.0,12,Male,mc_prob_0_FC_0_6_1
44,45870.0,13,Male,mc_prob_0_FC_0_6_1
45,4582.0,14,Male,mc_prob_0_FC_0_6_1
46,918.0,15,Male,mc_prob_0_FC_0_6_1
47,957.0,16,Male,mc_prob_0_FC_0_6_1
48,1832.0,17,Male,mc_prob_0_FC_0_6_1
49,4468.0,18,Male,mc_prob_0_FC_0_6_1
50,14254.0,19,Male,mc_prob_0_FC_0_6_1
51,54527.0,20,Male,mc_prob_0_FC_0_6_1
52,235498.0,21,Male,mc_prob_0_FC_0_6_1
53,1094805.0,22,Male,mc_prob_0_FC_0_6_1
54,4984994.0,23,Male,mc_prob_0_FC_0_6_1
55,17558018.0,24,Male,mc_prob_0_FC_0_6_1
56,34664636.0,25,Male,mc_prob_0_FC_0_6_1
57,43116202.0,26,Male,mc_prob_0_FC_0_6_1
58,45802002.0,27,Male,mc_prob_0_FC_0_6_1
59,46855442.0,28,Male,mc_prob_0_FC_0_6_1
60,47472003.0,29,Male,mc_prob_0_FC_0_6_1
61,47891467.0,30,Male,mc_prob_0_FC_0_6_1
,Count,Generation,Sex,Run
0,50000050.0,0,Female,mc_prob_0_FC_0_9_1
1,46143966.0,1,Female,mc_prob_0_FC_0_9_1
2,45198272.0,2,Female,mc_prob_0_FC_0_9_1
3,42963667.0,3,Female,mc_prob_0_FC_0_9_1
4,40019905.0,4,Female,mc_prob_0_FC_0_9_1
5,36105863.0,5,Female,mc_prob_0_FC_0_9_1
6,31046676.0,6,Female,mc_prob_0_FC_0_9_1
7,24886656.0,7,Female,mc_prob_0_FC_0_9_1
8,17996156.0,8,Female,mc_prob_0_FC_0_9_1
9,11154263.0,9,Female,mc_prob_0_FC_0_9_1
10,5451268.0,10,Female,mc_prob_0_FC_0_9_1
11,1853086.0,11,Female,mc_prob_0_FC_0_9_1
12,372319.0,12,Female,mc_prob_0_FC_0_9_1
13,46051.0,13,Female,mc_prob_0_FC_0_9_1
14,4816.0,14,Female,mc_prob_0_FC_0_9_1
15,1131.0,15,Female,mc_prob_0_FC_0_9_1
16,1258.0,16,Female,mc_prob_0_FC_0_9_1
17,2607.0,17,Female,mc_prob_0_FC_0_9_1
18,7570.0,18,Female,mc_prob_0_FC_0_9_1
19,27564.0,19,Female,mc_prob_0_FC_0_9_1
20,114505.0,20,Female,mc_prob_0_FC_0_9_1
21,525664.0,21,Female,mc_prob_0_FC_0_9_1
22,2481089.0,22,Female,mc_prob_0_FC_0_9_1
23,10378855.0,23,Female,mc_prob_0_FC_0_9_1
24,27475003.0,24,Female,mc_prob_0_FC_0_9_1
25,40497663.0,25,Female,mc_prob_0_FC_0_9_1
26,45053142.0,26,Female,mc_prob_0_FC_0_9_1
27,46555435.0,27,Female,mc_prob_0_FC_0_9_1
28,47280148.0,28,Female,mc_prob_0_FC_0_9_1
29,47765100.0,29,Female,mc_prob_0_FC_0_9_1
30,48118214.0,30,Female,mc_prob_0_FC_0_9_1
31,60000050.0,0,Male,mc_prob_0_FC_0_9_1
32,46155293.0,1,Male,mc_prob_0_FC_0_9_1
33,45201487.0,2,Male,mc_prob_0_FC_0_9_1
34,42963688.0,3,Male,mc_prob_0_FC_0_9_1
35,40021716.0,4,Male,mc_prob_0_FC_0_9_1
36,36107330.0,5,Male,mc_prob_0_FC_0_9_1
37,31049307.0,6,Male,mc_prob_0_FC_0_9_1
38,24893467.0,7,Male,mc_prob_0_FC_0_9_1
39,17998286.0,8,Male,mc_prob_0_FC_0_9_1
40,11159202.0,9,Male,mc_prob_0_FC_0_9_1
41,5457945.0,10,Male,mc_prob_0_FC_0_9_1
42,1855018.0,11,Male,mc_prob_0_FC_0_9_1
43,373021.0,12,Male,mc_prob_0_FC_0_9_1
44,46135.0,13,Male,mc_prob_0_FC_0_9_1
45,4865.0,14,Male,mc_prob_0_FC_0_9_1
46,1173.0,15,Male,mc_prob_0_FC_0_9_1
47,1279.0,16,Male,mc_prob_0_FC_0_9_1
48,2629.0,17,Male,mc_prob_0_FC_0_9_1
49,7627.0,18,Male,mc_prob_0_FC_0_9_1
50,27730.0,19,Male,mc_prob_0_FC_0_9_1
51,114971.0,20,Male,mc_prob_0_FC_0_9_1
52,527452.0,21,Male,mc_prob_0_FC_0_9_1
53,2481355.0,22,Male,mc_prob_0_FC_0_9_1
54,10384629.0,23,Male,mc_prob_0_FC_0_9_1
55,27483062.0,24,Male,mc_prob_0_FC_0_9_1
56,40515639.0,25,Male,mc_prob_0_FC_0_9_1
57,45063412.0,26,Male,mc_prob_0_FC_0_9_1
58,46562781.0,27,Male,mc_prob_0_FC_0_9_1
59,47285442.0,28,Male,mc_prob_0_FC_0_9_1
60,47770139.0,29,Male,mc_prob_0_FC_0_9_1
61,48122115.0,30,Male,mc_prob_0_FC_0_9_1
