,Count,Generation,Sex,Run
0,50000050.0,0,Female,mc_prob_0_FC_0_7_1
1,42853654.0,1,Female,mc_prob_0_FC_0_7_1
2,41696454.0,2,Female,mc_prob_0_FC_0_7_1
3,37704176.0,3,Female,mc_prob_0_FC_0_7_1
4,33030759.0,4,Female,mc_prob_0_FC_0_7_1
5,27247337.0,5,Female,mc_prob_0_FC_0_7_1
6,20548180.0,6,Female,mc_prob_0_FC_0_7_1
7,13563129.0,7,Female,mc_prob_0_FC_0_7_1
8,7321450.0,8,Female,mc_prob_0_FC_0_7_1
9,2900758.0,9,Female,mc_prob_0_FC_0_7_1
10,724545.0,10,Female,mc_prob_0_FC_0_7_1
11,104508.0,11,Female,mc_prob_0_FC_0_7_1
12,10454.0,12,Female,mc_prob_0_FC_0_7_1
13,1055.0,13,Female,mc_prob_0_FC_0_7_1
14,488.0,14,Female,mc_prob_0_FC_0_7_1
15,778.0,15,Female,mc_prob_0_FC_0_7_1
16,1715.0,16,Female,mc_prob_0_FC_0_7_1
17,5333.0,17,Female,mc_prob_0_FC_0_7_1
18,20727.0,18,Female,mc_prob_0_FC_0_7_1
19,91316.0,19,Female,mc_prob_0_FC_0_7_1
20,435657.0,20,Female,mc_prob_0_FC_0_7_1
21,2131693.0,21,Female,mc_prob_0_FC_0_7_1
22,9347912.0,22,Female,mc_prob_0_FC_0_7_1
23,26419171.0,23,Female,mc_prob_0_FC_0_7_1
24,40467433.0,24,Female,mc_prob_0_FC_0_7_1
25,45376195.0,25,Female,mc_prob_0_FC_0_7_1
26,46866048.0,26,Female,mc_prob_0_FC_0_7_1
27,47526705.0,27,Female,mc_prob_0_FC_0_7_1
28,47936015.0,28,Female,mc_prob_0_FC_0_7_1
29,48255868.0,29,Female,mc_prob_0_FC_0_7_1
30,48504977.0,30,Female,mc_prob_0_FC_0_7_1
31,70000050.0,0,Male,mc_prob_0_FC_0_7_1
32,42857849.0,1,Male,mc_prob_0_FC_0_7_1
33,41705795.0,2,Male,mc_prob_0_FC_0_7_1
34,37707064.0,3,Male,mc_prob_0_FC_0_7_1
35,33038710.0,4,Male,mc_prob_0_FC_0_7_1
36,27259691.0,5,Male,mc_prob_0_FC_0_7_1
37,20551746.0,6,Male,mc_prob_0_FC_0_7_1
38,13566457.0,7,Male,mc_prob_0_FC_0_7_1
39,7326955.0,8,Male,mc_prob_0_FC_0_7_1
40,2902513.0,9,Male,mc_prob_0_FC_0_7_1
41,724548.0,10,Male,mc_prob_0_FC_0_7_1
42,105505.0,11,Male,mc_prob_0_FC_0_7_1
43,10472.0,12,Male,mc_prob_0_FC_0_7_1
44,1120.0,13,Male,mc_prob_0_FC_0_7_1
45,498.0,14,Male,mc_prob_0_FC_0_7_1
46,815.0,15,Male,mc_prob_0_FC_0_7_1
47,1842.0,16,Male,mc_prob_0_FC_0_7_1
48,5451.0,17,Male,mc_prob_0_FC_0_7_1
49,20877.0,18,Male,mc_prob_0_FC_0_7_1
50,91833.0,19,Male,mc_prob_0_FC_0_7_1
51,436838.0,20,Male,mc_prob_0_FC_0_7_1
52,2132191.0,21,Male,mc_prob_0_FC_0_7_1
53,9348423.0,22,Male,mc_prob_0_FC_0_7_1
54,26429705.0,23,Male,mc_prob_0_FC_0_7_1
55,40469015.0,24,Male,mc_prob_0_FC_0_7_1
56,45382887.0,25,Male,mc_prob_0_FC_0_7_1
57,46875730.0,26,Male,mc_prob_0_FC_0_7_1
58,47539513.0,27,Male,mc_prob_0_FC_0_7_1
59,47944640.0,28,Male,mc_prob_0_FC_0_7_1
60,48262197.0,29,Male,mc_prob_0_FC_0_7_1
61,48509340.0,30,Male,mc_prob_0_FC_0_7_1
,Count,Generation,Sex,Run
0,50000050.0,0,Female,mc_prob_0_FC_0_8_1
1,42853014.0,1,Female,mc_prob_0_FC_0_8_1
2,41689196.0,2,Female,mc_prob_0_FC_0_8_1
3,37712288.0,3,Female,mc_prob_0_FC_0_8_1
4,33032925.0,4,Female,mc_prob_0_FC_0_8_1
5,27249691.0,5,Female,mc_prob_0_FC_0_8_1
6,20552465.0,6,Female,mc_prob_0_FC_0_8_1
7,13578727.0,7,Female,mc_prob_0_FC_0_8_1
8,7331278.0,8,Female,mc_prob_0_FC_0_8_1
9,2906166.0,9,Female,mc_prob_0_FC_0_8_1
10,723898.0,10,Female,mc_prob_0_FC_0_8_1
11,105446.0,11,Female,mc_prob_0_FC_0_8_1
12,10310.0,12,Female,mc_prob_0_FC_0_8_1
13,1224.0,13,Female,mc_prob_0_FC_0_8_1
14,634.0,14,Female,mc_prob_0_FC_0_8_1
15,987.0,15,Female,mc_prob_0_FC_0_8_1
16,2592.0,16,Female,mc_prob_0_FC_0_8_1
17,8569.0,17,Female,mc_prob_0_FC_0_8_1
18,33207.0,18,Female,mc_prob_0_FC_0_8_1
19,145862.0,19,Female,mc_prob_0_FC_0_8_1
20,687076.0,20,Female,mc_prob_0_FC_0_8_1
21,3261961.0,21,Female,mc_prob_0_FC_0_8_1
22,13005945.0,22,Female,mc_prob_0_FC_0_8_1
23,30782915.0,23,Female,mc_prob_0_FC_0_8_1
24,41981190.0,24,Female,mc_prob_0_FC_0_8_1
25,45603899.0,25,Female,mc_prob_0_FC_0_8_1
26,46843487.0,26,Female,mc_prob_0_FC_0_8_1
27,47463564.0,27,Female,mc_prob_0_FC_0_8_1
28,47883722.0,28,Female,mc_prob_0_FC_0_8_1
29,48205088.0,29,Female,mc_prob_0_FC_0_8_1
30,48463739.0,30,Female,mc_prob_0_FC_0_8_1
31,70000050.0,0,Male,mc_prob_0_FC_0_8_1
32,42856519.0,1,Male,mc_prob_0_FC_0_8_1
33,41692151.0,2,Male,mc_prob_0_FC_0_8_1
34,37716433.0,3,Male,mc_prob_0_FC_0_8_1
35,33042483.0,4,Male,mc_prob_0_FC_0_8_1
36,27255038.0,5,Male,mc_prob_0_FC_0_8_1
37,20554840.0,6,Male,mc_prob_0_FC_0_8_1
38,13579761.0,7,Male,mc_prob_0_FC_0_8_1
39,7331945.0,8,Male,mc_prob_0_FC_0_8_1
40,2910679.0,9,Male,mc_prob_0_FC_0_8_1
41,724700.0,10,Male,mc_prob_0_FC_0_8_1
42,106383.0,11,Male,mc_prob_0_FC_0_8_1
43,10343.0,12,Male,mc_prob_0_FC_0_8_1
44,1240.0,13,Male,mc_prob_0_FC_0_8_1
45,672.0,14,Male,mc_prob_0_FC_0_8_1
46,1014.0,15,Male,mc_prob_0_FC_0_8_1
47,2606.0,16,Male,mc_prob_0_FC_0_8_1
48,8638.0,17,Male,mc_prob_0_FC_0_8_1
49,33310.0,18,Male,mc_prob_0_FC_0_8_1
50,146908.0,19,Male,mc_prob_0_FC_0_8_1
51,688981.0,20,Male,mc_prob_0_FC_0_8_1
52,3263046.0,21,Male,mc_prob_0_FC_0_8_1
53,13011187.0,22,Male,mc_prob_0_FC_0_8_1
54,30794396.0,23,Male,mc_prob_0_FC_0_8_1
55,41981274.0,24,Male,mc_prob_0_FC_0_8_1
56,45605596.0,25,Male,mc_prob_0_FC_0_8_1
57,46846502.0,26,Male,mc_prob_0_FC_0_8_1
58,47469819.0,27,Male,mc_prob_0_FC_0_8_1
59,47896044.0,28,Male,mc_prob_0_FC_0_8_1
60,48213513.0,29,Male,mc_prob_0_FC_0_8_1
61,48477383.0,30,Male,mc_prob_0_FC_0_8_1
,Count,Generation,Sex,Run
0,50000050.0,0,Female,mc_prob_0_FC_0_2_1
1,42855713.0,1,Female,mc_prob_0_FC_0_2_1
2,41699065.0,2,Female,mc_prob_0_FC_0_2_1
3,37716235.0,3,Female,mc_prob_0_FC_0_2_1
4,33031801.0,4,Female,mc_prob_0_FC_0_2_1
5,27247739.0,5,Female,mc_prob_0_FC_0_2_1
6,20560892.0,6,Female,mc_prob_0_FC_0_2_1
7,13584430.0,7,Female,mc_prob_0_FC_0_2_1
8,7325797.0,8,Female,mc_prob_0_FC_0_2_1
9,2909366.0,9,Female,mc_prob_0_FC_0_2_1
10,722855.0,10,Female,mc_prob_0_FC_0_2_1
11,102850.0,11,Female,mc_prob_0_FC_0_2_1
12,10368.0,12,Female,mc_prob_0_FC_0_2_1
13,1357.0,13,Female,mc_prob_0_FC_0_2_1
14,1024.0,14,Female,mc_prob_0_FC_0_2_1
15,1714.0,15,Female,mc_prob_0_FC_0_2_1
16,4175.0,16,Female,mc_prob_0_FC_0_2_1
17,13856.0,17,Female,mc_prob_0_FC_0_2_1
18,55132.0,18,Female,mc_prob_0_FC_0_2_1
19,243640.0,19,Female,mc_prob_0_FC_0_2_1
20,1151039.0,20,Female,mc_prob_0_FC_0_2_1
21,5283970.0,21,Female,mc_prob_0_FC_0_2_1
22,18378755.0,22,Female,mc_prob_0_FC_0_2_1
23,35401351.0,23,Female,mc_prob_0_FC_0_2_1
24,43482010.0,24,Female,mc_prob_0_FC_0_2_1
25,45999575.0,25,Female,mc_prob_0_FC_0_2_1
26,46979835.0,26,Female,mc_prob_0_FC_0_2_1
27,47531469.0,27,Female,mc_prob_0_FC_0_2_1
28,47933762.0,28,Female,mc_prob_0_FC_0_2_1
29,48244119.0,29,Female,mc_prob_0_FC_0_2_1
30,48494805.0,30,Female,mc_prob_0_FC_0_2_1
31,70000050.0,0,Male,mc_prob_0_FC_0_2_1
32,42865081.0,1,Male,mc_prob_0_FC_0_2_1
33,41699929.0,2,Male,mc_prob_0_FC_0_2_1
34,37721481.0,3,Male,mc_prob_0_FC_0_2_1
35,33034430.0,4,Male,mc_prob_0_FC_0_2_1
36,27265291.0,5,Male,mc_prob_0_FC_0_2_1
37,20561363.0,6,Male,mc_prob_0_FC_0_2_1
38,13591749.0,7,Male,mc_prob_0_FC_0_2_1
39,7330677.0,8,Male,mc_prob_0_FC_0_2_1
40,2909755.0,9,Male,mc_prob_0_FC_0_2_1
41,723668.0,10,Male,mc_prob_0_FC_0_2_1
42,103208.0,11,Male,mc_prob_0_FC_0_2_1
43,10526.0,12,Male,mc_prob_0_FC_0_2_1
44,1408.0,13,Male,mc_prob_0_FC_0_2_1
45,1032.0,14,Male,mc_prob_0_FC_0_2_1
46,1731.0,15,Male,mc_prob_0_FC_0_2_1
47,4277.0,16,Male,mc_prob_0_FC_0_2_1
48,13904.0,17,Male,mc_prob_0_FC_0_2_1
49,55192.0,18,Male,mc_prob_0_FC_0_2_1
50,243980.0,19,Male,mc_prob_0_FC_0_2_1
51,1151747.0,20,Male,mc_prob_0_FC_0_2_1
52,5285430.0,21,Male,mc_prob_0_FC_0_2_1
53,18386267.0,22,Male,mc_prob_0_FC_0_2_1
54,35411345.0,23,Male,mc_prob_0_FC_0_2_1
55,43485311.0,24,Male,mc_prob_0_FC_0_2_1
56,46010782.0,25,Male,mc_prob_0_FC_0_2_1
57,46986174.0,26,Male,mc_prob_0_FC_0_2_1
58,47547876.0,27,Male,mc_prob_0_FC_0_2_1
59,47950845.0,28,Male,mc_prob_0_FC_0_2_1
60,48251643.0,29,Male,mc_prob_0_FC_0_2_1
61,48495604.0,30,Male,mc_prob_0_FC_0_2_1
,Count,Generation,Sex,Run
0,50000050.0,0,Female,mc_prob_0_FC_0_9_1
1,42866808.0,1,Female,mc_prob_0_FC_0_9_1
2,41693761.0,2,Female,mc_prob_0_FC_0_9_1
3,37699687.0,3,Female,mc_prob_0_FC_0_9_1
4,33033926.0,4,Female,mc_prob_0_FC_0_9_1
5,27246385.0,5,Female,mc_prob_0_FC_0_9_1
6,20552708.0,6,Female,mc_prob_0_FC_0_9_1
7,13566496.0,7,Female,mc_prob_0_FC_0_9_1
8,7309972.0,8,Female,mc_prob_0_FC_0_9_1
9,2882496.0,9,Female,mc_prob_0_FC_0_9_1
10,709483.0,10,Female,mc_prob_0_FC_0_9_1
11,102156.0,11,Female,mc_prob_0_FC_0_9_1
12,10595.0,12,Female,mc_prob_0_FC_0_9_1
13,977.0,13,Female,mc_prob_0_FC_0_9_1
14,296.0,14,Female,mc_prob_0_FC_0_9_1
15,395.0,15,Female,mc_prob_0_FC_0_9_1
16,775.0,16,Female,mc_prob_0_FC_0_9_1
17,2393.0,17,Female,mc_prob_0_FC_0_9_1
18,8623.0,18,Female,mc_prob_0_FC_0_9_1
19,36163.0,19,Female,mc_prob_0_FC_0_9_1
20,168863.0,20,Female,mc_prob_0_FC_0_9_1
21,829477.0,21,Female,mc_prob_0_FC_0_9_1
22,4008864.0,22,Female,mc_prob_0_FC_0_9_1
23,15475996.0,23,Female,mc_prob_0_FC_0_9_1
24,33623631.0,24,Female,mc_prob_0_FC_0_9_1
25,43372323.0,25,Female,mc_prob_0_FC_0_9_1
26,46293122.0,26,Female,mc_prob_0_FC_0_9_1
27,47283841.0,27,Female,mc_prob_0_FC_0_9_1
28,47784848.0,28,Female,mc_prob_0_FC_0_9_1
29,48133710.0,29,Female,mc_prob_0_FC_0_9_1
30,48399221.0,30,Female,mc_prob_0_FC_0_9_1
31,70000050.0,0,Male,mc_prob_0_FC_0_9_1
32,42870880.0,1,Male,mc_prob_0_FC_0_9_1
33,41698639.0,2,Male,mc_prob_0_FC_0_9_1
34,37704059.0,3,Male,mc_prob_0_FC_0_9_1
35,33037326.0,4,Male,mc_prob_0_FC_0_9_1
36,27257339.0,5,Male,mc_prob_0_FC_0_9_1
37,20555160.0,6,Male,mc_prob_0_FC_0_9_1
38,13568069.0,7,Male,mc_prob_0_FC_0_9_1
39,7312914.0,8,Male,mc_prob_0_FC_0_9_1
40,2883914.0,9,Male,mc_prob_0_FC_0_9_1
41,711109.0,10,Male,mc_prob_0_FC_0_9_1
42,102343.0,11,Male,mc_prob_0_FC_0_9_1
43,10755.0,12,Male,mc_prob_0_FC_0_9_1
44,1075.0,13,Male,mc_prob_0_FC_0_9_1
45,337.0,14,Male,mc_prob_0_FC_0_9_1
46,423.0,15,Male,mc_prob_0_FC_0_9_1
47,872.0,16,Male,mc_prob_0_FC_0_9_1
48,2505.0,17,Male,mc_prob_0_FC_0_9_1
49,8652.0,18,Male,mc_prob_0_FC_0_9_1
50,36355.0,19,Male,mc_prob_0_FC_0_9_1
51,169404.0,20,Male,mc_prob_0_FC_0_9_1
52,831708.0,21,Male,mc_prob_0_FC_0_9_1
53,4010121.0,22,Male,mc_prob_0_FC_0_9_1
54,15482237.0,23,Male,mc_prob_0_FC_0_9_1
55,33623691.0,24,Male,mc_prob_0_FC_0_9_1
56,43373502.0,25,Male,mc_prob_0_FC_0_9_1
57,46295149.0,26,Male,mc_prob_0_FC_0_9_1
58,47283883.0,27,Male,mc_prob_0_FC_0_9_1
59,47793242.0,28,Male,mc_prob_0_FC_0_9_1
60,48141639.0,29,Male,mc_prob_0_FC_0_9_1
61,48402586.0,30,Male,mc_prob_0_FC_0_9_1
,Count,Generation,Sex,Run
0,50000050.0,0,Female,mc_prob_0_FC_0_4_1
1,42853764.0,1,Female,mc_prob_0_FC_0_4_1
2,41692579.0,2,Female,mc_prob_0_FC_0_4_1
3,37710262.0,3,Female,mc_prob_0_FC_0_4_1
4,33034003.0,4,Female,mc_prob_0_FC_0_4_1
5,27240901.0,5,Female,mc_prob_0_FC_0_4_1
6,20542099.0,6,Female,mc_prob_0_FC_0_4_1
7,13562050.0,7,Female,mc_prob_0_FC_0_4_1
8,7313515.0,8,Female,mc_prob_0_FC_0_4_1
9,2892821.0,9,Female,mc_prob_0_FC_0_4_1
10,715332.0,10,Female,mc_prob_0_FC_0_4_1
11,101393.0,11,Female,mc_prob_0_FC_0_4_1
12,10437.0,12,Female,mc_prob_0_FC_0_4_1
13,1530.0,13,Female,mc_prob_0_FC_0_4_1
14,1110.0,14,Female,mc_prob_0_FC_0_4_1
15,1960.0,15,Female,mc_prob_0_FC_0_4_1
16,5449.0,16,Female,mc_prob_0_FC_0_4_1
17,21165.0,17,Female,mc_prob_0_FC_0_4_1
18,95668.0,18,Female,mc_prob_0_FC_0_4_1
19,465259.0,19,Female,mc_prob_0_FC_0_4_1
20,2307986.0,20,Female,mc_prob_0_FC_0_4_1
21,10083580.0,21,Female,mc_prob_0_FC_0_4_1
22,27706961.0,22,Female,mc_prob_0_FC_0_4_1
23,41269386.0,23,Female,mc_prob_0_FC_0_4_1
24,45791246.0,24,Female,mc_prob_0_FC_0_4_1
25,47125625.0,25,Female,mc_prob_0_FC_0_4_1
26,47691331.0,26,Female,mc_prob_0_FC_0_4_1
27,48061657.0,27,Female,mc_prob_0_FC_0_4_1
28,48346915.0,28,Female,mc_prob_0_FC_0_4_1
29,48576332.0,29,Female,mc_prob_0_FC_0_4_1
30,48776982.0,30,Female,mc_prob_0_FC_0_4_1
31,70000050.0,0,Male,mc_prob_0_FC_0_4_1
32,42859812.0,1,Male,mc_prob_0_FC_0_4_1
33,41694852.0,2,Male,mc_prob_0_FC_0_4_1
34,37715447.0,3,Male,mc_prob_0_FC_0_4_1
35,33042270.0,4,Male,mc_prob_0_FC_0_4_1
36,27259530.0,5,Male,mc_prob_0_FC_0_4_1
37,20553700.0,6,Male,mc_prob_0_FC_0_4_1
38,13564649.0,7,Male,mc_prob_0_FC_0_4_1
39,7319803.0,8,Male,mc_prob_0_FC_0_4_1
40,2893918.0,9,Male,mc_prob_0_FC_0_4_1
41,715932.0,10,Male,mc_prob_0_FC_0_4_1
42,101519.0,11,Male,mc_prob_0_FC_0_4_1
43,10455.0,12,Male,mc_prob_0_FC_0_4_1
44,1556.0,13,Male,mc_prob_0_FC_0_4_1
45,1156.0,14,Male,mc_prob_0_FC_0_4_1
46,2028.0,15,Male,mc_prob_0_FC_0_4_1
47,5576.0,16,Male,mc_prob_0_FC_0_4_1
48,21169.0,17,Male,mc_prob_0_FC_0_4_1
49,95996.0,18,Male,mc_prob_0_FC_0_4_1
50,465476.0,19,Male,mc_prob_0_FC_0_4_1
51,2308314.0,20,Male,mc_prob_0_FC_0_4_1
52,10085350.0,21,Male,mc_prob_0_FC_0_4_1
53,27708233.0,22,Male,mc_prob_0_FC_0_4_1
54,41270011.0,23,Male,mc_prob_0_FC_0_4_1
55,45801307.0,24,Male,mc_prob_0_FC_0_4_1
56,47128448.0,25,Male,mc_prob_0_FC_0_4_1
57,47716328.0,26,Male,mc_prob_0_FC_0_4_1
58,48069749.0,27,Male,mc_prob_0_FC_0_4_1
59,48366020.0,28,Male,mc_prob_0_FC_0_4_1
60,48587572.0,29,Male,mc_prob_0_FC_0_4_1
61,48782272.0,30,Male,mc_prob_0_FC_0_4_1
,Count,Generation,Sex,Run
0,50000050.0,0,Female,mc_prob_0_FC_0_5_1
1,42865492.0,1,Female,mc_prob_0_FC_0_5_1
2,41703146.0,2,Female,mc_prob_0_FC_0_5_1
3,37713870.0,3,Female,mc_prob_0_FC_0_5_1
4,33026241.0,4,Female,mc_prob_0_FC_0_5_1
5,27238571.0,5,Female,mc_prob_0_FC_0_5_1
6,20554035.0,6,Female,mc_prob_0_FC_0_5_1
7,13565709.0,7,Female,mc_prob_0_FC_0_5_1
8,7305155.0,8,Female,mc_prob_0_FC_0_5_1
9,2884005.0,9,Female,mc_prob_0_FC_0_5_1
10,714716.0,10,Female,mc_prob_0_FC_0_5_1
11,98678.0,11,Female,mc_prob_0_FC_0_5_1
12,9619.0,12,Female,mc_prob_0_FC_0_5_1
13,999.0,13,Female,mc_prob_0_FC_0_5_1
14,441.0,14,Female,mc_prob_0_FC_0_5_1
15,629.0,15,Female,mc_prob_0_FC_0_5_1
16,1498.0,16,Female,mc_prob_0_FC_0_5_1
17,4394.0,17,Female,mc_prob_0_FC_0_5_1
18,15830.0,18,Female,mc_prob_0_FC_0_5_1
19,66138.0,19,Female,mc_prob_0_FC_0_5_1
20,302208.0,20,Female,mc_prob_0_FC_0_5_1
21,1452522.0,21,Female,mc_prob_0_FC_0_5_1
22,6588594.0,22,Female,mc_prob_0_FC_0_5_1
23,21372228.0,23,Female,mc_prob_0_FC_0_5_1
24,37564031.0,24,Female,mc_prob_0_FC_0_5_1
25,44310880.0,25,Female,mc_prob_0_FC_0_5_1
26,46368475.0,26,Female,mc_prob_0_FC_0_5_1
27,47203551.0,27,Female,mc_prob_0_FC_0_5_1
28,47719879.0,28,Female,mc_prob_0_FC_0_5_1
29,48084238.0,29,Female,mc_prob_0_FC_0_5_1
30,48362885.0,30,Female,mc_prob_0_FC_0_5_1
31,70000050.0,0,Male,mc_prob_0_FC_0_5_1
32,42868056.0,1,Male,mc_prob_0_FC_0_5_1
33,41710570.0,2,Male,mc_prob_0_FC_0_5_1
34,37719333.0,3,Male,mc_prob_0_FC_0_5_1
35,33032707.0,4,Male,mc_prob_0_FC_0_5_1
36,27244001.0,5,Male,mc_prob_0_FC_0_5_1
37,20557277.0,6,Male,mc_prob_0_FC_0_5_1
38,13572844.0,7,Male,mc_prob_0_FC_0_5_1
39,7307260.0,8,Male,mc_prob_0_FC_0_5_1
40,2886518.0,9,Male,mc_prob_0_FC_0_5_1
41,716210.0,10,Male,mc_prob_0_FC_0_5_1
42,98699.0,11,Male,mc_prob_0_FC_0_5_1
43,9867.0,12,Male,mc_prob_0_FC_0_5_1
44,1069.0,13,Male,mc_prob_0_FC_0_5_1
45,442.0,14,Male,mc_prob_0_FC_0_5_1
46,658.0,15,Male,mc_prob_0_FC_0_5_1
47,1534.0,16,Male,mc_prob_0_FC_0_5_1
48,4554.0,17,Male,mc_prob_0_FC_0_5_1
49,15914.0,18,Male,mc_prob_0_FC_0_5_1
50,66539.0,19,Male,mc_prob_0_FC_0_5_1
51,302393.0,20,Male,mc_prob_0_FC_0_5_1
52,1453618.0,21,Male,mc_prob_0_FC_0_5_1
53,6594048.0,22,Male,mc_prob_0_FC_0_5_1
54,21373906.0,23,Male,mc_prob_0_FC_0_5_1
55,37565656.0,24,Male,mc_prob_0_FC_0_5_1
56,44329987.0,25,Male,mc_prob_0_FC_0_5_1
57,46369664.0,26,Male,mc_prob_0_FC_0_5_1
58,47218344.0,27,Male,mc_prob_0_FC_0_5_1
59,47719948.0,28,Male,mc_prob_0_FC_0_5_1
60,48086814.0,29,Male,mc_prob_0_FC_0_5_1
61,48372726.0,30,Male,mc_prob_0_FC_0_5_1
,Count,Generation,Sex,Run
0,50000050.0,0,Female,mc_prob_0_FC_0_6_1
1,42857494.0,1,Female,mc_prob_0_FC_0_6_1
2,41692559.0,2,Female,mc_prob_0_FC_0_6_1
3,37711789.0,3,Female,mc_prob_0_FC_0_6_1
4,33035940.0,4,Female,mc_prob_0_FC_0_6_1
5,27250953.0,5,Female,mc_prob_0_FC_0_6_1
6,20581589.0,6,Female,mc_prob_0_FC_0_6_1
7,13583637.0,7,Female,mc_prob_0_FC_0_6_1
8,7328111.0,8,Female,mc_prob_0_FC_0_6_1
9,2900437.0,9,Female,mc_prob_0_FC_0_6_1
10,720325.0,10,Female,mc_prob_0_FC_0_6_1
11,103453.0,11,Female,mc_prob_0_FC_0_6_1
12,10382.0,12,Female,mc_prob_0_FC_0_6_1
13,1192.0,13,Female,mc_prob_0_FC_0_6_1
14,583.0,14,Female,mc_prob_0_FC_0_6_1
15,805.0,15,Female,mc_prob_0_FC_0_6_1
16,1935.0,16,Female,mc_prob_0_FC_0_6_1
17,6634.0,17,Female,mc_prob_0_FC_0_6_1
18,26406.0,18,Female,mc_prob_0_FC_0_6_1
19,119778.0,19,Female,mc_prob_0_FC_0_6_1
20,576851.0,20,Female,mc_prob_0_FC_0_6_1
21,2809088.0,21,Female,mc_prob_0_FC_0_6_1
22,11719156.0,22,Female,mc_prob_0_FC_0_6_1
23,29618579.0,23,Female,mc_prob_0_FC_0_6_1
24,41796350.0,24,Female,mc_prob_0_FC_0_6_1
25,45747760.0,25,Female,mc_prob_0_FC_0_6_1
26,47005463.0,26,Female,mc_prob_0_FC_0_6_1
27,47612566.0,27,Female,mc_prob_0_FC_0_6_1
28,47998650.0,28,Female,mc_prob_0_FC_0_6_1
29,48293197.0,29,Female,mc_prob_0_FC_0_6_1
30,48542191.0,30,Female,mc_prob_0_FC_0_6_1
31,70000050.0,0,Male,mc_prob_0_FC_0_6_1
32,42859344.0,1,Male,mc_prob_0_FC_0_6_1
33,41712058.0,2,Male,mc_prob_0_FC_0_6_1
34,37712753.0,3,Male,mc_prob_0_FC_0_6_1
35,33043771.0,4,Male,mc_prob_0_FC_0_6_1
36,27259164.0,5,Male,mc_prob_0_FC_0_6_1
37,20581874.0,6,Male,mc_prob_0_FC_0_6_1
38,13585040.0,7,Male,mc_prob_0_FC_0_6_1
39,7328969.0,8,Male,mc_prob_0_FC_0_6_1
40,2908013.0,9,Male,mc_prob_0_FC_0_6_1
41,720480.0,10,Male,mc_prob_0_FC_0_6_1
42,103657.0,11,Male,mc_prob_0_FC_0_6_1
43,10469.0,12,Male,mc_prob_0_FC_0_6_1
44,1216.0,13,Male,mc_prob_0_FC_0_6_1
45,612.0,14,Male,mc_prob_0_FC_0_6_1
46,824.0,15,Male,mc_prob_0_FC_0_6_1
47,1985.0,16,Male,mc_prob_0_FC_0_6_1
48,6643.0,17,Male,mc_prob_0_FC_0_6_1
49,26598.0,18,Male,mc_prob_0_FC_0_6_1
50,120233.0,19,Male,mc_prob_0_FC_0_6_1
51,578882.0,20,Male,mc_prob_0_FC_0_6_1
52,2811580.0,21,Male,mc_prob_0_FC_0_6_1
53,11720683.0,22,Male,mc_prob_0_FC_0_6_1
54,29625225.0,23,Male,mc_prob_0_FC_0_6_1
55,41802168.0,24,Male,mc_prob_0_FC_0_6_1
56,45749919.0,25,Male,mc_prob_0_FC_0_6_1
57,47009001.0,26,Male,mc_prob_0_FC_0_6_1
58,47619155.0,27,Male,mc_prob_0_FC_0_6_1
59,48002978.0,28,Male,mc_prob_0_FC_0_6_1
60,48296654.0,29,Male,mc_prob_0_FC_0_6_1
61,48546103.0,30,Male,mc_prob_0_FC_0_6_1
,Count,Generation,Sex,Run
0,50000050.0,0,Female,mc_prob_0_FC_0_1_1
1,42869946.0,1,Female,mc_prob_0_FC_0_1_1
2,41703635.0,2,Female,mc_prob_0_FC_0_1_1
3,37708384.0,3,Female,mc_prob_0_FC_0_1_1
4,33039164.0,4,Female,mc_prob_0_FC_0_1_1
5,27242214.0,5,Female,mc_prob_0_FC_0_1_1
6,20545258.0,6,Female,mc_prob_0_FC_0_1_1
7,13550954.0,7,Female,mc_prob_0_FC_0_1_1
8,7302080.0,8,Female,mc_prob_0_FC_0_1_1
9,2885716.0,9,Female,mc_prob_0_FC_0_1_1
10,714077.0,10,Female,mc_prob_0_FC_0_1_1
11,103826.0,11,Female,mc_prob_0_FC_0_1_1
12,10480.0,12,Female,mc_prob_0_FC_0_1_1
13,1116.0,13,Female,mc_prob_0_FC_0_1_1
14,407.0,14,Female,mc_prob_0_FC_0_1_1
15,474.0,15,Female,mc_prob_0_FC_0_1_1
16,1051.0,16,Female,mc_prob_0_FC_0_1_1
17,2907.0,17,Female,mc_prob_0_FC_0_1_1
18,10231.0,18,Female,mc_prob_0_FC_0_1_1
19,42480.0,19,Female,mc_prob_0_FC_0_1_1
20,195636.0,20,Female,mc_prob_0_FC_0_1_1
21,954044.0,21,Female,mc_prob_0_FC_0_1_1
22,4546603.0,22,Female,mc_prob_0_FC_0_1_1
23,16868803.0,23,Female,mc_prob_0_FC_0_1_1
24,34675499.0,24,Female,mc_prob_0_FC_0_1_1
25,43613883.0,25,Female,mc_prob_0_FC_0_1_1
26,46271560.0,26,Female,mc_prob_0_FC_0_1_1
27,47219680.0,27,Female,mc_prob_0_FC_0_1_1
28,47747101.0,28,Female,mc_prob_0_FC_0_1_1
29,48105970.0,29,Female,mc_prob_0_FC_0_1_1
30,48374093.0,30,Female,mc_prob_0_FC_0_1_1
31,70000050.0,0,Male,mc_prob_0_FC_0_1_1
32,42874260.0,1,Male,mc_prob_0_FC_0_1_1
33,41706627.0,2,Male,mc_prob_0_FC_0_1_1
34,37711825.0,3,Male,mc_prob_0_FC_0_1_1
35,33041662.0,4,Male,mc_prob_0_FC_0_1_1
36,27248554.0,5,Male,mc_prob_0_FC_0_1_1
37,20551552.0,6,Male,mc_prob_0_FC_0_1_1
38,13560280.0,7,Male,mc_prob_0_FC_0_1_1
39,7307323.0,8,Male,mc_prob_0_FC_0_1_1
40,2886821.0,9,Male,mc_prob_0_FC_0_1_1
41,715811.0,10,Male,mc_prob_0_FC_0_1_1
42,103981.0,11,Male,mc_prob_0_FC_0_1_1
43,10486.0,12,Male,mc_prob_0_FC_0_1_1
44,1138.0,13,Male,mc_prob_0_FC_0_1_1
45,431.0,14,Male,mc_prob_0_FC_0_1_1
46,509.0,15,Male,mc_prob_0_FC_0_1_1
47,1051.0,16,Male,mc_prob_0_FC_0_1_1
48,2989.0,17,Male,mc_prob_0_FC_0_1_1
49,10324.0,18,Male,mc_prob_0_FC_0_1_1
50,42698.0,19,Male,mc_prob_0_FC_0_1_1
51,196074.0,20,Male,mc_prob_0_FC_0_1_1
52,955144.0,21,Male,mc_prob_0_FC_0_1_1
53,4547852.0,22,Male,mc_prob_0_FC_0_1_1
54,16869129.0,23,Male,mc_prob_0_FC_0_1_1
55,34682532.0,24,Male,mc_prob_0_FC_0_1_1
56,43623794.0,25,Male,mc_prob_0_FC_0_1_1
57,46279126.0,26,Male,mc_prob_0_FC_0_1_1
58,47225452.0,27,Male,mc_prob_0_FC_0_1_1
59,47747526.0,28,Male,mc_prob_0_FC_0_1_1
60,48113415.0,29,Male,mc_prob_0_FC_0_1_1
61,48379091.0,30,Male,mc_prob_0_FC_0_1_1
,Count,Generation,Sex,Run
0,50000050.0,0,Female,mc_prob_0_FC_0_3_1
1,42847178.0,1,Female,mc_prob_0_FC_0_3_1
2,41704607.0,2,Female,mc_prob_0_FC_0_3_1
3,37711039.0,3,Female,mc_prob_0_FC_0_3_1
4,33053518.0,4,Female,mc_prob_0_FC_0_3_1
5,27268842.0,5,Female,mc_prob_0_FC_0_3_1
6,20569538.0,6,Female,mc_prob_0_FC_0_3_1
7,13583106.0,7,Female,mc_prob_0_FC_0_3_1
8,7328664.0,8,Female,mc_prob_0_FC_0_3_1
9,2894222.0,9,Female,mc_prob_0_FC_0_3_1
10,720609.0,10,Female,mc_prob_0_FC_0_3_1
11,101474.0,11,Female,mc_prob_0_FC_0_3_1
12,9865.0,12,Female,mc_prob_0_FC_0_3_1
13,1103.0,13,Female,mc_prob_0_FC_0_3_1
14,527.0,14,Female,mc_prob_0_FC_0_3_1
15,837.0,15,Female,mc_prob_0_FC_0_3_1
16,2231.0,16,Female,mc_prob_0_FC_0_3_1
17,8034.0,17,Female,mc_prob_0_FC_0_3_1
18,31605.0,18,Female,mc_prob_0_FC_0_3_1
19,142224.0,19,Female,mc_prob_0_FC_0_3_1
20,679920.0,20,Female,mc_prob_0_FC_0_3_1
21,3262724.0,21,Female,mc_prob_0_FC_0_3_1
22,13102178.0,22,Female,mc_prob_0_FC_0_3_1
23,31042313.0,23,Female,mc_prob_0_FC_0_3_1
24,42216301.0,24,Female,mc_prob_0_FC_0_3_1
25,45775527.0,25,Female,mc_prob_0_FC_0_3_1
26,46957533.0,26,Female,mc_prob_0_FC_0_3_1
27,47562535.0,27,Female,mc_prob_0_FC_0_3_1
28,47960614.0,28,Female,mc_prob_0_FC_0_3_1
29,48270865.0,29,Female,mc_prob_0_FC_0_3_1
30,48527171.0,30,Female,mc_prob_0_FC_0_3_1
31,70000050.0,0,Male,mc_prob_0_FC_0_3_1
32,42849061.0,1,Male,mc_prob_0_FC_0_3_1
33,41710774.0,2,Male,mc_prob_0_FC_0_3_1
34,37711291.0,3,Male,mc_prob_0_FC_0_3_1
35,33055487.0,4,Male,mc_prob_0_FC_0_3_1
36,27275155.0,5,Male,mc_prob_0_FC_0_3_1
37,20574550.0,6,Male,mc_prob_0_FC_0_3_1
38,13583563.0,7,Male,mc_prob_0_FC_0_3_1
39,7334130.0,8,Male,mc_prob_0_FC_0_3_1
40,2894718.0,9,Male,mc_prob_0_FC_0_3_1
41,721196.0,10,Male,mc_prob_0_FC_0_3_1
42,101513.0,11,Male,mc_prob_0_FC_0_3_1
43,9978.0,12,Male,mc_prob_0_FC_0_3_1
44,1114.0,13,Male,mc_prob_0_FC_0_3_1
45,552.0,14,Male,mc_prob_0_FC_0_3_1
46,878.0,15,Male,mc_prob_0_FC_0_3_1
47,2231.0,16,Male,mc_prob_0_FC_0_3_1
48,8083.0,17,Male,mc_prob_0_FC_0_3_1
49,31950.0,18,Male,mc_prob_0_FC_0_3_1
50,142438.0,19,Male,mc_prob_0_FC_0_3_1
51,680021.0,20,Male,mc_prob_0_FC_0_3_1
52,3264973.0,21,Male,mc_prob_0_FC_0_3_1
53,13104884.0,22,Male,mc_prob_0_FC_0_3_1
54,31048268.0,23,Male,mc_prob_0_FC_0_3_1
55,42217749.0,24,Male,mc_prob_0_FC_0_3_1
56,45785236.0,25,Male,mc_prob_0_FC_0_3_1
57,46970169.0,26,Male,mc_prob_0_FC_0_3_1
58,47568595.0,27,Male,mc_prob_0_FC_0_3_1
59,47974775.0,28,Male,mc_prob_0_FC_0_3_1
60,48271242.0,29,Male,mc_prob_0_FC_0_3_1
61,48528404.0,30,Male,mc_prob_0_FC_0_3_1
,Count,Generation,Sex,Run
0,50000050.0,0,Female,mc_prob_0_FC_0_10_1
1,42855981.0,1,Female,mc_prob_0_FC_0_10_1
2,41698945.0,2,Female,mc_prob_0_FC_0_10_1
3,37571683.0,3,Female,mc_prob_0_FC_0_10_1
4,32948488.0,4,Female,mc_prob_0_FC_0_10_1
5,27354515.0,5,Female,mc_prob_0_FC_0_10_1
6,20942455.0,6,Female,mc_prob_0_FC_0_10_1
7,14227957.0,7,Female,mc_prob_0_FC_0_10_1
8,8071840.0,8,Female,mc_prob_0_FC_0_10_1
9,3486748.0,9,Female,mc_prob_0_FC_0_10_1
10,988875.0,10,Female,mc_prob_0_FC_0_10_1
11,164751.0,11,Female,mc_prob_0_FC_0_10_1
12,18010.0,12,Female,mc_prob_0_FC_0_10_1
13,2120.0,13,Female,mc_prob_0_FC_0_10_1
14,853.0,14,Female,mc_prob_0_FC_0_10_1
15,1233.0,15,Female,mc_prob_0_FC_0_10_1
16,2803.0,16,Female,mc_prob_0_FC_0_10_1
17,8546.0,17,Female,mc_prob_0_FC_0_10_1
18,31343.0,18,Female,mc_prob_0_FC_0_10_1
19,132551.0,19,Female,mc_prob_0_FC_0_10_1
20,614135.0,20,Female,mc_prob_0_FC_0_10_1
21,2904387.0,21,Female,mc_prob_0_FC_0_10_1
22,11824670.0,22,Female,mc_prob_0_FC_0_10_1
23,29376213.0,23,Female,mc_prob_0_FC_0_10_1
24,41346322.0,24,Female,mc_prob_0_FC_0_10_1
25,45366225.0,25,Female,mc_prob_0_FC_0_10_1
26,46708423.0,26,Female,mc_prob_0_FC_0_10_1
27,47376846.0,27,Female,mc_prob_0_FC_0_10_1
28,47815381.0,28,Female,mc_prob_0_FC_0_10_1
29,48160244.0,29,Female,mc_prob_0_FC_0_10_1
30,48421796.0,30,Female,mc_prob_0_FC_0_10_1
31,70000050.0,0,Male,mc_prob_0_FC_0_10_1
32,42864082.0,1,Male,mc_prob_0_FC_0_10_1
33,41703990.0,2,Male,mc_prob_0_FC_0_10_1
34,37573259.0,3,Male,mc_prob_0_FC_0_10_1
35,32953956.0,4,Male,mc_prob_0_FC_0_10_1
36,27356847.0,5,Male,mc_prob_0_FC_0_10_1
37,20942734.0,6,Male,mc_prob_0_FC_0_10_1
38,14233257.0,7,Male,mc_prob_0_FC_0_10_1
39,8078070.0,8,Male,mc_prob_0_FC_0_10_1
40,3489416.0,9,Male,mc_prob_0_FC_0_10_1
41,990505.0,10,Male,mc_prob_0_FC_0_10_1
42,165054.0,11,Male,mc_prob_0_FC_0_10_1
43,18177.0,12,Male,mc_prob_0_FC_0_10_1
44,2155.0,13,Male,mc_prob_0_FC_0_10_1
45,932.0,14,Male,mc_prob_0_FC_0_10_1
46,1308.0,15,Male,mc_prob_0_FC_0_10_1
47,2882.0,16,Male,mc_prob_0_FC_0_10_1
48,8787.0,17,Male,mc_prob_0_FC_0_10_1
49,31516.0,18,Male,mc_prob_0_FC_0_10_1
50,132924.0,19,Male,mc_prob_0_FC_0_10_1
51,615525.0,20,Male,mc_prob_0_FC_0_10_1
52,2905637.0,21,Male,mc_prob_0_FC_0_10_1
53,11827288.0,22,Male,mc_prob_0_FC_0_10_1
54,29377573.0,23,Male,mc_prob_0_FC_0_10_1
55,41346469.0,24,Male,mc_prob_0_FC_0_10_1
56,45369819.0,25,Male,mc_prob_0_FC_0_10_1
57,46711460.0,26,Male,mc_prob_0_FC_0_10_1
58,47377697.0,27,Male,mc_prob_0_FC_0_10_1
59,47816884.0,28,Male,mc_prob_0_FC_0_10_1
60,48161558.0,29,Male,mc_prob_0_FC_0_10_1
61,48432999.0,30,Male,mc_prob_0_FC_0_10_1
